{
  "validation": {
    "accuracy": 0.9985845718329794,
    "f1_macro": 0.9985845689972528,
    "eer": 0.0007077140835102433,
    "eer_threshold": 0.9493768011572323,
    "threshold": 0.02299546758094686,
    "confusion_matrix": [
      [
        1409,
        4
      ],
      [
        0,
        1413
      ]
    ],
    "per_class_accuracy": {
      "real": 0.997169143665959,
      "fake": 1.0
    },
    "precision": {
      "real": 1.0,
      "fake": 0.9971771347918137
    },
    "recall": {
      "real": 0.997169143665959,
      "fake": 1.0
    },
    "f1": {
      "real": 0.9985825655563431,
      "fake": 0.9985865724381625
    },
    "at_eer_threshold": {
      "accuracy": 0.9992922859164898,
      "f1_macro": 0.9992922859164898,
      "eer": 0.0007077140835102433,
      "eer_threshold": 0.9493768011572323,
      "threshold": 0.9493768011572323,
      "confusion_matrix": [
        [
          1412,
          1
        ],
        [
          1,
          1412
        ]
      ],
      "per_class_accuracy": {
        "real": 0.9992922859164898,
        "fake": 0.9992922859164898
      },
      "precision": {
        "real": 0.9992922859164898,
        "fake": 0.9992922859164898
      },
      "recall": {
        "real": 0.9992922859164898,
        "fake": 0.9992922859164898
      },
      "f1": {
        "real": 0.9992922859164898,
        "fake": 0.9992922859164898
      }
    }
  },
  "testing": {
    "accuracy": 0.8915441176470589,
    "f1_macro": 0.8915441176470589,
    "eer": 0.10845588235294115,
    "eer_threshold": 0.02299546758094686,
    "threshold": 0.02299546758094686,
    "confusion_matrix": [
      [
        485,
        59
      ],
      [
        59,
        485
      ]
    ],
    "per_class_accuracy": {
      "real": 0.8915441176470589,
      "fake": 0.8915441176470589
    },
    "precision": {
      "real": 0.8915441176470589,
      "fake": 0.8915441176470589
    },
    "recall": {
      "real": 0.8915441176470589,
      "fake": 0.8915441176470589
    },
    "f1": {
      "real": 0.8915441176470589,
      "fake": 0.8915441176470589
    },
    "at_eer_threshold": {
      "accuracy": 0.8915441176470589,
      "f1_macro": 0.8915441176470589,
      "eer": 0.10845588235294115,
      "eer_threshold": 0.02299546758094686,
      "threshold": 0.02299546758094686,
      "confusion_matrix": [
        [
          485,
          59
        ],
        [
          59,
          485
        ]
      ],
      "per_class_accuracy": {
        "real": 0.8915441176470589,
        "fake": 0.8915441176470589
      },
      "precision": {
        "real": 0.8915441176470589,
        "fake": 0.8915441176470589
      },
      "recall": {
        "real": 0.8915441176470589,
        "fake": 0.8915441176470589
      },
      "f1": {
        "real": 0.8915441176470589,
        "fake": 0.8915441176470589
      }
    }
  }
}